Size;ij time(s); ji time(s)
3;0.000004
9;0.000007
30;0.000013
50;0.000023
100;0.000028
200;0.000206
300;0.000535
400;0.000808
500;0.000608
600;0.001080
700;0.002493
800;0.001649
900;0.002382
1000;0.003937