Size,ji time(s)
4000,0.135561
10000,0.833658
16000,2.164713
22000,5.669328
28000,15.074662
34000,33.647207
40000,52.489638
