Size;ij time(s); ji time(s)
3;0.000005
9;0.000005
30;0.000009
50;0.000021
100;0.000035
200;0.000295
300;0.000926
400;0.001355
500;0.000882
600;0.001644
700;0.004185
800;0.002269
900;0.004057
1000;0.007431