Size;ij time(s); ji time(s)
10;0.000004
100;0.000074
1000;0.007310
