Size;ij time(s); ji time(s)
10;0.000003
100;0.000111
1000;0.004145
