Size,ji time(s)
50,0.000021
100,0.000027
200,0.000178
200,0.000295
400,0.000995
500,0.001468
600,0.001806
700,0.002482
800,0.003343
900,0.003743
1000,0.003931
