Size,ij time(s),ji time(s)
50,0.000024,0.000021
100,0.000034,0.000027
200,0.000289,0.000178
200,0.000406,0.000295
400,0.001646,0.000995
500,0.002593,0.001468
600,0.003072,0.001806
700,0.004603,0.002482
800,0.005855,0.003343
900,0.007367,0.003743
1000,0.007519,0.003931
