Size;ij time(s); ji time(s)
100 ; 5.09999227E-05
1000 ; 6.30799960E-03
5000 ; 6.22940063E-02
10000 ; 0.250302970
15000 ; 0.569529891
20000 ; 1.01388383
22000 ; 1.26884890
