Size, ji time(s)
100,5.30001707E-05
1000,4.68300004E-03
5000,6.28869981E-02
10000,0.257212996
15000,0.562825918
20000,0.992433071
22000,1.22419691
